Index,Rented Bike Count
0,1963.3542
1,1466.5994
2,2508.8828
3,1333.3483
4,271.1978
5,633.3613
6,0.0
7,837.1592
8,1177.5
9,150.44434
10,256.49423
11,175.12822
12,1968.8937
13,48.54725
14,75.97305
15,334.8755
16,715.45795
17,1002.7776
18,2603.0496
19,141.31801
20,0.0
21,926.14026
22,186.87512
23,462.76013
24,179.89313
25,809.8638
26,115.57441
27,1005.93555
28,240.6048
29,63.324764
30,206.62488
31,50.898335
32,95.630066
33,465.24103
34,412.79474
35,1431.8787
36,1959.7732
37,80.61111
38,1558.0608
39,1406.9478
40,94.92978
41,240.01433
42,624.0061
43,223.07198
44,763.25433
45,911.91656
46,103.17917
47,771.88226
48,1480.399
49,241.47565
50,1924.4832
51,322.818
52,205.54825
53,454.20505
54,175.2506
55,78.07925
56,881.0742
57,759.1692
58,152.6368
59,193.54396
60,1558.6838
61,748.78296
62,494.94586
63,198.93466
64,47.905872
65,158.84894
66,36.46867
67,1793.7063
68,887.5227
69,187.08171
70,1390.6228
71,741.01215
72,96.726
73,2008.8824
74,551.2677
75,1801.2379
76,542.7773
77,1521.4634
78,327.9549
79,396.80228
80,179.93565
81,15.036088
82,256.1909
83,502.77475
84,803.4807
85,263.82248
86,54.602337
87,2643.1328
88,0.0
89,1073.9213
90,654.09393
91,37.217247
92,743.5608
93,845.76105
94,680.8625
95,1980.4565
96,197.73422
97,1006.83124
98,577.0515
99,166.57562
100,292.6882
101,786.00464
102,449.37585
103,144.08925
104,305.55466
105,1584.797
106,585.0812
107,2327.3684
108,27.603495
109,866.76764
110,155.07773
111,430.21295
112,915.31946
113,569.5247
114,1425.1986
115,192.8608
116,1463.1364
117,1042.7346
118,0.0
119,27.986885
120,152.00217
121,239.32379
122,334.40665
123,708.52576
124,1261.2623
125,193.84076
126,1258.7773
127,904.00024
128,0.0
129,216.55562
130,0.0
131,1526.3611
132,84.17533
133,1347.1195
134,932.15076
135,392.5503
136,1501.9562
137,900.12946
138,78.48038
139,247.45187
140,537.3646
141,420.28955
142,572.45905
143,1245.4087
144,207.62898
145,1408.5391
146,77.83288
147,38.16514
148,51.66891
149,270.29956
150,126.31652
151,878.3457
152,217.48257
153,1145.0713
154,180.90372
155,1085.7325
156,330.40216
157,52.9802
158,148.28172
159,362.44043
160,18.393364
161,26.850027
162,91.67039
163,892.4758
164,763.89764
165,1965.4071
166,478.65094
167,593.92883
168,111.76112
169,1281.8035
170,752.7125
171,67.26928
172,788.10675
173,304.64252
174,448.39145
175,175.66559
176,550.9703
177,256.6318
178,86.816574
179,3026.5593
180,819.2426
181,965.8798
182,152.37112
183,1826.7117
184,306.50735
185,305.1594
186,1986.363
187,750.8582
188,250.61499
189,939.96436
190,144.63628
191,73.774506
192,1231.3273
193,323.09903
194,718.65784
195,137.15387
196,110.261665
197,49.597797
198,174.68694
199,69.47424
200,1581.8677
201,976.9019
202,123.94749
203,89.17082
204,941.9167
205,1503.7393
206,960.8613
207,44.160107
208,1399.7365
209,164.9499
210,1685.2006
211,240.37355
212,44.424133
213,770.5723
214,407.22824
215,307.28036
216,931.6295
217,1210.398
218,1325.3281
219,956.1858
220,1113.5724
221,371.98047
222,1062.2113
223,475.97943
224,185.30116
225,1076.9946
226,644.02716
227,53.492615
228,821.52454
229,1420.7908
230,127.46733
231,647.79047
232,337.00476
233,130.77196
234,1011.9092
235,90.84146
236,484.63297
237,574.8246
238,1122.0312
239,1009.92584
240,539.52094
241,1175.0958
242,308.62952
243,1647.0834
244,459.14206
245,0.0
246,612.569
247,654.9686
248,844.2211
249,2401.5256
250,1216.0404
251,248.6573
252,603.0897
253,974.6439
254,0.0
255,854.6927
256,959.02966
257,727.9602
258,186.04802
259,99.25738
260,1752.9545
261,311.47928
262,643.9868
263,51.440266
264,963.77655
265,1005.18475
266,330.86594
267,778.0535
268,1747.9482
269,174.72058
270,1255.1669
271,563.5563
272,1773.7207
273,498.19183
274,1710.4524
275,575.503
276,1487.3406
277,689.9921
278,768.7515
279,3033.0837
280,882.70844
281,1783.4415
282,0.0
283,520.63306
284,1119.4474
285,81.13519
286,84.9188
287,1336.8301
288,802.67145
289,381.59134
290,1152.6188
291,39.602043
292,2163.6257
293,16.321302
294,674.9692
295,279.5894
296,722.5425
297,57.714405
298,591.4307
299,253.59962
300,302.8282
301,601.36926
302,859.24097
303,485.80206
304,0.0
305,117.43885
306,418.57303
307,882.7892
308,211.5555
309,1484.8063
310,884.0579
311,1631.9935
312,203.6701
313,1105.3706
314,1225.305
315,369.1211
316,637.6978
317,319.42563
318,32.095913
319,382.55298
320,622.18726
321,671.6444
322,2165.4563
323,305.9447
324,776.71796
325,2730.7485
326,20.57007
327,165.70831
328,242.82326
329,345.55106
330,744.56165
331,1699.9655
332,205.49548
333,1025.046
334,560.57184
335,1075.2018
336,675.2231
337,204.30637
338,345.1592
339,646.3494
340,583.6705
341,857.5183
342,918.57495
343,592.22925
344,688.09174
345,382.31427
346,40.649372
347,1349.2643
348,1035.2078
349,383.12982
350,1659.3387
351,1454.2726
352,670.0839
353,295.7848
354,970.22235
355,20.052443
356,844.8096
357,2343.772
358,104.63593
359,1637.3645
360,260.2069
361,1196.6326
362,81.53219
363,52.346817
364,568.0506
365,46.855316
366,235.13884
367,133.1365
368,286.832
369,1388.2942
370,2066.0022
371,722.4201
372,884.0833
373,166.47604
374,1130.3483
375,1060.2043
376,857.38965
377,1057.796
378,411.91843
379,511.1885
380,103.68013
381,838.55383
382,1621.8843
383,1501.6663
384,583.65155
385,236.6867
386,82.463326
387,1849.321
388,1897.654
389,0.0
390,114.37952
391,464.0705
392,1140.3223
393,1007.9537
394,935.81866
395,546.3546
396,389.48544
397,186.71883
398,488.4192
399,887.1698
400,808.77655
401,200.75406
402,2105.4607
403,1327.1984
404,791.38245
405,1672.4779
406,356.88672
407,783.19666
408,107.0627
409,316.52048
410,1065.4364
411,1183.2852
412,74.532745
413,35.77586
414,1573.519
415,181.5114
416,1741.2894
417,244.39984
418,63.890076
419,226.4326
420,1141.266
421,515.3004
422,255.9432
423,291.36514
424,1485.412
425,131.62865
426,1282.1112
427,776.9101
428,1028.9479
429,1654.6577
430,66.18942
431,0.0
432,287.427
433,591.2684
434,730.33527
435,122.64133
436,295.36438
437,556.5005
438,1531.9362
439,303.01102
440,2350.6345
441,59.010876
442,1065.6399
443,271.12393
444,1008.08276
445,229.272
446,2179.8835
447,1389.1575
448,1783.9946
449,601.098
450,307.92596
451,963.9218
452,1107.2609
453,176.83778
454,33.365406
455,656.93427
456,162.92809
457,1037.4231
458,273.4388
459,313.29904
460,130.80032
461,238.76933
462,246.3236
463,126.77369
464,365.4385
465,42.33875
466,163.11345
467,761.1951
468,372.679
469,242.03438
470,686.1674
471,249.34894
472,446.8776
473,458.05582
474,1199.5397
475,80.51969
476,173.41719
477,2298.2
478,39.619526
479,457.01907
480,572.2236
481,971.9798
482,249.51945
483,1871.1051
484,76.28766
485,302.55862
486,499.25125
487,645.627
488,230.42078
489,1875.6388
490,105.29413
491,197.96815
492,1943.1178
493,1379.6129
494,199.4145
495,232.4869
496,246.79593
497,867.8361
498,0.0
499,153.32828
500,969.44476
501,742.5016
502,409.69016
503,1141.1975
504,1043.4999
505,437.92136
506,38.197746
507,1273.0188
508,0.0
509,1694.192
510,2703.4033
511,1059.7092
512,674.7108
513,84.810936
514,916.6274
515,378.60898
516,355.4379
517,66.21758
518,49.644863
519,61.855682
520,262.78308
521,567.131
522,1505.8818
523,1054.9783
524,1668.2521
525,43.592606
526,312.53693
527,260.05557
528,576.7784
529,523.2517
530,239.10191
531,151.45691
532,368.15588
533,1452.9097
534,169.25627
535,360.54376
536,181.57268
537,284.27472
538,1725.3519
539,1037.416
540,744.615
541,2242.2065
542,33.149124
543,88.22035
544,157.27725
545,831.116
546,55.021324
547,690.00165
548,398.12643
549,396.29108
550,649.4015
551,443.9578
552,1795.8556
553,1010.80554
554,1035.7677
555,367.23563
556,373.5137
557,1162.5247
558,112.83563
559,1006.94995
560,1392.677
561,571.83435
562,38.556366
563,1903.1796
564,206.53104
565,912.4828
566,1399.0339
567,295.42606
568,288.3918
569,243.53302
570,1032.74
571,1047.6202
572,79.48602
573,316.6007
574,1941.8488
575,455.25003
576,1533.5168
577,1557.5073
578,297.086
579,23.346525
580,140.55464
581,267.8794
582,670.45135
583,1716.8367
584,2082.8745
585,272.57166
586,115.01489
587,2156.9644
588,2174.6787
589,246.53935
590,143.7359
591,1315.796
592,1813.4629
593,980.1055
594,388.12582
595,1036.7078
596,1946.8314
597,147.63168
598,204.63863
599,1015.41174
600,1680.1498
601,1819.1799
602,52.4369
603,928.83844
604,801.54803
605,197.70721
606,143.1925
607,890.4595
608,1499.9752
609,143.29684
610,81.4339
611,274.1757
612,418.9931
613,638.34375
614,1042.2983
615,1111.2936
616,368.44244
617,94.22108
618,1086.0956
619,247.63336
620,1728.7212
621,113.807495
622,872.4206
623,62.13326
624,64.33931
625,139.844
626,232.66158
627,421.0893
628,267.81204
629,337.56747
630,709.80164
631,836.66095
632,1451.4657
633,575.44037
634,1002.772
635,279.5678
636,203.42882
637,221.0659
638,1066.9237
639,106.696434
640,2154.088
641,1432.8668
642,1147.0674
643,815.2816
644,245.30667
645,334.59186
646,11.684802
647,122.769226
648,45.703636
649,52.69802
650,108.7522
651,1647.827
652,178.16849
653,306.7867
654,88.86708
655,59.003906
656,215.21179
657,138.95738
658,89.32381
659,390.74307
660,181.6478
661,342.05862
662,1103.9567
663,886.01117
664,14.422143
665,970.4672
666,383.8825
667,887.823
668,197.36629
669,1524.2235
670,2564.4414
671,165.05927
672,239.76414
673,10.386208
674,139.62758
675,2094.84
676,23.114933
677,346.28653
678,93.09263
679,1104.3987
680,1261.6833
681,252.63184
682,119.92496
683,768.44305
684,268.01346
685,1869.6512
686,705.06024
687,281.21393
688,238.33078
689,390.1289
690,275.52988
691,290.94418
692,259.09854
693,1045.0642
694,813.8711
695,291.86298
696,410.84552
697,630.7002
698,912.40295
699,451.85822
700,50.80883
701,251.86745
702,114.61856
703,1191.0413
704,610.1638
705,314.62595
706,1086.8839
707,994.2672
708,479.8707
709,264.18933
710,1174.6921
711,1084.3293
712,217.24832
713,1255.3918
714,138.21864
715,1136.3473
716,7.0145364
717,988.81647
718,805.00934
719,1808.8558
720,191.16675
721,5.7731724
722,555.8939
723,248.61526
724,566.8042
725,239.23709
726,0.0
727,1617.2665
728,72.228485
729,398.80414
730,1176.5623
731,2293.7627
732,1637.1919
733,137.12207
734,2025.3131
735,290.5704
736,15.338552
737,2025.8593
738,662.2761
739,901.2241
740,1894.8871
741,683.9191
742,404.28088
743,275.50122
744,193.72075
745,2721.7307
746,615.47375
747,227.26518
748,1154.792
749,1869.2504
750,265.32764
751,382.29654
752,463.94907
753,542.0716
754,353.07794
755,850.13837
756,184.71083
757,426.80185
758,298.67313
759,2635.7358
760,120.79998
761,238.82605
762,328.30188
763,1774.2078
764,187.29106
765,440.98492
766,53.155373
767,467.05957
768,542.1034
769,402.3676
770,301.39795
771,646.41315
772,330.10556
773,1837.5635
774,714.91254
775,811.3139
776,330.42267
777,304.70563
778,427.02765
779,930.73486
780,896.43774
781,670.81885
782,131.82933
783,19.917482
784,1494.4196
785,2.1516266
786,263.8655
787,273.57666
788,609.00885
789,1986.2804
790,1404.8079
791,629.0789
792,466.39786
793,1089.1396
794,218.67795
795,1089.047
796,104.11815
797,290.6232
798,447.8046
799,1924.3215
800,134.04149
801,263.87683
802,280.59808
803,1526.0841
804,441.2906
805,1016.2383
806,2255.8174
807,238.30537
808,34.000843
809,429.12183
810,164.45435
811,680.3327
812,182.09474
813,297.42496
814,503.8545
815,526.11194
816,1100.0482
817,244.55891
818,1460.4943
819,84.94032
820,783.0167
821,202.87816
822,151.368
823,204.04073
824,275.43137
825,283.72708
826,1015.973
827,291.4532
828,1908.6178
829,349.81763
830,229.49617
831,334.26395
832,813.59283
833,920.252
834,1637.9088
835,602.7872
836,612.8686
837,39.70356
838,184.82875
839,1132.3191
840,90.37371
841,242.25522
842,647.0799
843,262.37546
844,655.96295
845,218.93507
846,1074.2987
847,93.814026
848,0.0
849,306.86847
850,70.40765
851,371.59015
852,943.7519
853,1697.4757
854,1977.9355
855,312.08438
856,1366.3079
857,1028.5615
858,743.15485
859,627.4983
860,716.61584
861,370.05264
862,656.14795
863,1009.8033
864,431.10703
865,286.63763
866,808.0313
867,372.72342
868,1209.6514
869,152.45218
870,625.7618
871,383.50046
872,192.74318
873,292.30823
874,1429.6348
875,1932.6108
876,1004.5766
877,210.51746
878,467.59442
879,818.5081
880,1019.99365
881,1202.3359
882,135.63103
883,45.711758
884,432.01932
885,117.07224
886,1817.7821
887,0.0
888,0.0
889,1164.0928
890,899.87006
891,339.5547
892,1128.1718
893,267.94547
894,511.0865
895,644.2882
896,1131.7976
897,92.654335
898,2006.4342
899,1724.9862
900,735.01465
901,199.03128
902,702.2797
903,165.38916
904,1594.0687
905,132.90485
906,579.01935
907,309.301
908,525.568
909,915.6837
910,266.04776
911,316.38315
912,555.89545
913,772.9868
914,705.9459
915,1102.2003
916,1619.2473
917,19.895388
918,28.372196
919,1765.701
920,122.12413
921,335.499
922,9.555644
923,1346.8246
924,138.41417
925,42.81964
926,1419.1621
927,2179.767
928,1838.8688
929,215.27614
930,207.80394
931,266.03592
932,1070.3369
933,841.3461
934,1322.1343
935,34.765602
936,285.4346
937,270.34808
938,1465.3477
939,801.52594
940,55.858536
941,1726.4735
942,692.7627
943,1009.972
944,3.7244012
945,716.27563
946,1429.8024
947,337.59808
948,78.57943
949,821.28467
950,346.83795
951,835.6972
952,900.54144
953,185.91312
954,1166.6808
955,2150.058
956,974.57367
957,627.33435
958,270.89328
959,134.84738
960,608.8587
961,688.3727
962,199.9973
963,334.33224
964,1561.3563
965,736.3389
966,352.7391
967,237.09172
968,513.05096
969,1002.1545
970,2347.48
971,33.115303
972,842.86847
973,70.875046
974,685.96857
975,1687.091
976,9.297334
977,291.3726
978,863.8992
979,582.21466
980,13.824592
981,2099.7588
982,1001.34607
983,1297.3591
984,210.04265
985,80.04132
986,1396.2069
987,557.4013
988,894.6286
989,693.7872
990,903.5539
991,967.21936
992,2142.1877
993,747.5043
994,958.0273
995,810.57745
996,463.7443
997,171.08507
998,918.0053
999,134.93361
1000,1613.6288
1001,1606.1357
1002,871.9495
1003,288.97333
1004,1386.7437
1005,289.87955
1006,482.96808
1007,2194.2146
1008,493.4356
1009,937.8432
1010,26.698624
1011,633.2821
1012,303.05078
1013,86.69464
1014,1155.1476
1015,454.80045
1016,2236.0122
1017,342.0837
1018,289.59665
1019,0.0
1020,890.86884
1021,290.90472
1022,222.6161
1023,1578.2213
1024,213.18233
1025,2051.6294
1026,1098.1172
1027,538.42883
1028,885.8816
1029,1341.6569
1030,375.50616
1031,912.8996
1032,433.0573
1033,32.300304
1034,0.0
1035,326.0683
1036,282.11646
1037,7.913657
1038,607.8908
1039,1338.65
1040,76.68762
1041,133.01999
1042,2462.985
1043,331.85788
1044,336.8687
1045,206.22859
1046,261.14935
1047,321.64728
1048,2044.1401
1049,805.23553
1050,87.753395
1051,43.49037
1052,313.02505
1053,1365.9572
1054,1301.2965
1055,21.489475
1056,84.480774
1057,1321.3131
1058,373.62802
1059,126.02829
1060,1654.4382
1061,1471.1155
1062,731.8789
1063,708.3467
1064,292.25275
1065,648.91705
1066,379.37622
1067,69.20745
1068,175.22543
1069,139.38072
1070,502.18375
1071,324.38956
1072,149.77927
1073,361.82446
1074,880.04285
1075,273.26917
1076,1647.6459
1077,73.90139
1078,1456.3522
1079,76.42743
1080,124.1517
1081,240.12123
1082,748.45074
1083,251.11317
1084,549.03406
1085,65.53105
1086,263.71225
1087,45.692257
1088,1514.0684
1089,108.885704
1090,143.7816
1091,748.1467
1092,798.794
1093,581.0605
1094,111.83471
1095,1492.8796
1096,684.28644
1097,699.254
1098,295.52826
1099,616.5521
1100,356.23053
1101,39.143925
1102,1493.1158
1103,766.5707
1104,358.96298
1105,274.19662
1106,1819.1147
1107,2313.9268
1108,876.36926
1109,1743.2693
1110,2109.936
1111,1560.2803
1112,395.71066
1113,1852.8936
1114,405.9134
1115,35.032455
1116,368.962
1117,70.13767
1118,724.3377
1119,191.22891
1120,1289.8478
1121,404.74792
1122,245.04936
1123,318.67474
1124,1456.5839
1125,1825.1923
1126,282.69586
1127,0.6707028
1128,361.0096
1129,130.24138
1130,9.393738
1131,503.2145
1132,348.43576
1133,256.85132
1134,181.94183
1135,712.4784
1136,388.12207
1137,244.96802
1138,731.5622
1139,1338.1615
1140,872.0947
1141,1576.5505
1142,25.18735
1143,720.3682
1144,140.70332
1145,288.174
1146,1580.0455
1147,299.77856
1148,439.27063
1149,549.67145
1150,2150.861
1151,812.0119
1152,553.26746
1153,54.717995
1154,297.1018
1155,2149.5278
1156,2148.7158
1157,179.04689
1158,681.0491
1159,725.5994
1160,860.9662
1161,1225.3231
1162,266.03455
1163,540.45575
1164,436.32602
1165,1441.8862
1166,1277.0977
1167,1471.7551
1168,94.96574
1169,2440.9565
1170,177.05397
1171,409.0286
1172,183.78761
1173,740.8729
1174,426.0661
1175,449.31155
1176,920.0746
1177,295.8572
1178,335.5779
1179,551.48944
1180,317.87692
1181,883.5496
1182,0.0
1183,992.0116
1184,2454.9023
1185,0.0
1186,360.9465
1187,459.5387
1188,1243.9675
1189,1144.8292
1190,394.70312
1191,1173.2142
1192,351.0276
1193,60.453682
1194,80.86824
1195,443.79724
1196,2547.239
1197,38.94969
1198,586.77094
1199,685.2342
1200,477.45938
1201,524.1156
1202,1287.3262
1203,1084.2897
1204,494.71533
1205,2239.0503
1206,162.22906
1207,256.8074
1208,0.0
1209,203.78102
1210,194.2802
1211,880.00543
1212,1290.2731
1213,995.5502
1214,1267.8514
1215,61.543346
1216,98.79613
1217,373.72247
1218,1882.063
1219,1564.3895
1220,1948.2349
1221,1851.2517
1222,314.19504
1223,465.39014
1224,62.74716
1225,2000.0225
1226,585.5813
1227,0.0
1228,49.495014
1229,1325.095
1230,247.62318
1231,96.147316
1232,1457.697
1233,283.4788
1234,965.0265
1235,2198.8677
1236,442.6094
1237,32.567795
1238,101.19867
1239,191.02444
1240,332.22348
1241,368.87823
1242,85.19697
1243,288.16537
1244,384.58112
1245,275.99622
1246,92.98105
1247,1677.4451
1248,548.87604
1249,248.49574
1250,1683.8495
1251,1389.2465
1252,601.4494
1253,197.12938
1254,910.078
1255,655.5838
1256,665.8421
1257,179.85338
1258,699.7252
1259,1042.9357
1260,1557.0819
1261,763.0582
1262,2054.287
1263,459.01562
1264,164.70831
1265,1302.0614
1266,5.028579
1267,1839.7161
1268,850.09064
1269,81.0448
1270,107.16552
1271,354.55536
1272,643.9173
1273,955.23425
1274,1402.9402
1275,1287.2219
1276,149.45676
1277,408.707
1278,1205.001
1279,669.6048
1280,763.41736
1281,346.8721
1282,332.52765
1283,1230.4048
1284,1882.2589
1285,475.63614
1286,1060.6422
1287,464.52347
1288,173.14725
1289,579.34454
1290,1628.141
1291,270.96127
1292,936.3894
1293,0.0
1294,1071.2498
1295,291.75595
1296,1180.2106
1297,360.41782
1298,261.68753
1299,870.388
1300,269.50775
1301,405.73328
1302,574.2001
1303,264.43204
1304,220.53157
1305,394.53152
1306,727.6131
1307,3016.204
1308,655.9573
1309,650.25977
1310,772.6713
1311,460.0079
1312,161.67125
1313,164.59354
1314,845.74927
1315,750.27374
1316,124.584564
1317,446.1446
1318,577.9236
1319,121.87996
1320,2123.7368
1321,172.8493
1322,140.8004
1323,72.266
1324,1430.9135
1325,1993.5554
1326,120.30723
1327,338.9809
1328,144.22043
1329,1371.9232
1330,769.402
1331,249.14894
1332,774.1866
1333,252.16211
1334,940.2887
1335,1586.3113
1336,238.49724
1337,24.569511
1338,115.38393
1339,713.9474
1340,853.06793
1341,381.1467
1342,792.1593
1343,86.31848
1344,910.47375
1345,372.45105
1346,87.205246
1347,2145.144
1348,2202.7292
1349,375.30142
1350,373.67334
1351,27.370094
1352,480.82605
1353,1361.4988
1354,112.15345
1355,559.5123
1356,193.32233
1357,108.09748
1358,781.2543
1359,122.9611
1360,1482.6241
1361,582.6259
1362,832.2016
1363,345.75104
1364,295.4253
1365,79.554436
1366,1150.8549
1367,2346.1614
1368,1672.6755
1369,727.2662
1370,97.56419
1371,181.01428
1372,44.849014
1373,257.72412
1374,630.34863
1375,792.617
1376,376.251
1377,91.80772
1378,985.0801
1379,87.66686
1380,369.84033
1381,1564.8174
1382,21.681164
1383,641.735
1384,893.38806
1385,1114.7872
1386,954.7055
1387,262.20755
1388,72.741585
1389,537.62933
1390,1437.8033
1391,483.65607
1392,375.02112
1393,156.43185
1394,668.36487
1395,1188.795
1396,411.11664
1397,1497.9475
1398,991.82733
1399,309.79565
1400,1132.3657
1401,2162.2493
1402,693.2277
1403,1298.5833
1404,399.94348
1405,11.895648
1406,479.84595
1407,82.42578
1408,288.64172
1409,102.30573
1410,1725.0223
1411,502.64505
1412,253.29147
1413,1521.5083
1414,476.14655
1415,1471.2156
1416,796.34125
1417,173.2057
1418,189.7878
1419,54.506783
1420,995.3511
1421,512.0385
1422,196.66518
1423,2777.3782
1424,707.9208
1425,1246.0962
1426,1089.4841
1427,214.51468
1428,233.80576
1429,133.9033
1430,240.94551
1431,328.84814
1432,237.77934
1433,911.0626
1434,262.54352
1435,1003.7761
1436,483.46936
1437,1752.2108
1438,89.456375
1439,1153.8651
1440,2287.9536
1441,157.38124
1442,1972.2982
1443,339.19647
1444,790.6715
1445,105.93501
1446,1593.6829
1447,337.39578
1448,1030.318
1449,427.92993
1450,1210.5662
1451,1019.8219
1452,1366.541
1453,75.564224
1454,1965.4174
1455,210.27495
1456,215.65866
1457,2060.2505
1458,440.02792
1459,765.55743
1460,244.39888
1461,913.7149
1462,2162.7607
1463,504.08652
1464,206.7414
1465,169.53806
1466,244.43114
1467,2091.2761
1468,817.47845
1469,683.8936
1470,639.09064
1471,2462.653
1472,169.61978
1473,449.65033
1474,144.49815
1475,609.1603
1476,765.53894
1477,275.93274
1478,881.5956
1479,216.23624
1480,933.37366
1481,1260.9569
1482,27.15052
1483,244.79823
1484,133.18265
1485,1135.332
1486,355.0215
1487,1072.6436
1488,196.45285
1489,126.76006
1490,953.60187
1491,309.91452
1492,296.33865
1493,1455.0596
1494,235.61807
1495,31.745405
1496,1092.8519
1497,595.7552
1498,444.8355
1499,1371.2544
1500,839.9058
1501,281.94907
1502,1113.983
1503,515.1721
1504,162.20833
1505,227.59132
1506,831.81604
1507,604.6784
1508,535.30615
1509,6.9191194
1510,44.005627
1511,49.75736
1512,352.51865
1513,99.07759
1514,2258.3086
1515,164.41972
1516,518.7709
1517,130.03632
1518,235.91249
1519,1379.2567
1520,220.23297
1521,325.14423
1522,132.84436
1523,354.51538
1524,1067.9597
1525,576.1606
1526,570.71893
1527,126.55854
1528,71.45253
1529,1025.9279
1530,1044.4987
1531,196.67204
1532,1595.9438
1533,290.0667
1534,471.10898
1535,519.80316
1536,69.895386
1537,1566.4352
1538,1070.6273
1539,191.5486
1540,1195.193
1541,928.67096
1542,1755.7642
1543,87.48732
1544,523.0295
1545,1165.0127
1546,915.2886
1547,1507.6346
1548,129.48892
1549,1991.3647
1550,244.96014
1551,342.60907
1552,326.30722
1553,158.12006
1554,194.90196
1555,800.861
1556,78.63134
1557,81.40036
1558,12.890161
1559,761.49835
1560,73.297516
1561,108.15565
1562,779.5457
1563,116.58805
1564,172.0403
1565,133.11899
1566,194.0624
1567,2147.0542
1568,98.633514
1569,1623.7932
1570,661.84753
1571,337.88345
1572,972.8049
1573,177.29736
1574,1020.78687
1575,169.67392
1576,182.6999
1577,161.7893
1578,1244.8182
1579,281.34134
1580,1036.0796
1581,334.13275
1582,635.7333
1583,131.6307
1584,244.91357
1585,0.0
1586,659.6055
1587,1731.4839
1588,2171.7256
1589,1086.2762
1590,399.16013
1591,1004.297
1592,441.99127
1593,1574.7631
1594,220.73169
1595,503.66748
1596,1908.2588
1597,770.2353
1598,80.99795
1599,1241.1136
1600,581.06104
1601,111.10434
1602,162.47601
1603,823.92523
1604,247.04044
1605,83.77633
1606,0.0
1607,280.9671
1608,815.63403
1609,0.0
1610,322.47202
1611,1098.285
1612,294.5453
1613,35.76518
1614,1816.2632
1615,57.313404
1616,392.98514
1617,751.621
1618,1529.6992
1619,246.37946
1620,786.12195
1621,577.3636
1622,409.7125
1623,1234.6069
1624,857.2477
1625,321.71725
1626,934.2338
1627,510.29626
1628,223.07893
1629,23.068256
1630,236.29025
1631,1793.4891
1632,47.846268
1633,499.63287
1634,70.73728
1635,178.73059
1636,98.100105
1637,274.91684
1638,2330.8982
1639,471.9398
1640,1266.965
1641,954.92676
1642,298.20877
1643,406.67657
1644,203.42093
1645,119.08133
1646,2101.1975
1647,107.57444
1648,46.14307
1649,234.32695
1650,18.683084
1651,1018.14307
1652,2505.2297
1653,136.11507
1654,533.6841
1655,246.06514
1656,382.3681
1657,416.48328
1658,706.3973
1659,1175.3309
1660,570.9703
1661,189.5265
1662,1310.5846
1663,902.58655
1664,437.69257
1665,114.9526
1666,830.71375
1667,196.7141
1668,323.46378
1669,183.02383
1670,73.42175
1671,931.7312
1672,455.4904
1673,127.8767
1674,363.66815
1675,626.4466
1676,699.0748
1677,2864.116
1678,1032.2048
1679,2084.7622
1680,332.16373
1681,945.6855
1682,66.11388
1683,2086.9165
1684,1115.9678
1685,1290.5087
1686,1542.7683
1687,319.77356
1688,268.1234
1689,813.5488
1690,996.37317
1691,205.41524
1692,1020.15485
1693,1132.8704
1694,109.32248
1695,915.0834
1696,549.82385
1697,373.3
1698,248.98253
1699,360.17188
1700,367.02734
1701,332.74783
1702,860.8175
1703,417.4731
1704,2382.0803
1705,71.11621
1706,24.555079
1707,106.88653
1708,699.5028
1709,1348.4856
1710,76.39229
1711,178.62819
1712,1042.1084
1713,360.44263
1714,345.46106
1715,376.32153
1716,382.79758
1717,674.05426
1718,2270.183
1719,1122.1288
1720,257.8908
1721,2750.0593
1722,328.6252
1723,238.69896
1724,1097.155
1725,1761.6923
1726,280.19125
1727,1759.5265
1728,246.3134
1729,1831.8363
1730,1071.1344
1731,676.39844
1732,322.96997
1733,236.28847
1734,159.59787
1735,565.4144
1736,522.8126
1737,52.353394
1738,1034.5846
1739,691.7896
1740,6.7586718
1741,939.51874
1742,428.36987
1743,178.5803
1744,88.186386
1745,1251.5831
1746,18.27674
1747,173.06013
1748,972.0924
1749,530.43463
1750,444.6966
1751,346.0582
1752,185.30266
1753,2005.9559
1754,693.60126
1755,302.70935
1756,188.22952
1757,2020.405
1758,860.9679
1759,414.2395
1760,100.073715
1761,657.9131
1762,996.7096
1763,1381.9606
1764,1871.672
1765,705.23114
1766,190.80391
1767,156.28778
1768,488.4528
1769,2471.3752
1770,710.4138
1771,2955.3398
1772,287.56656
1773,349.8945
1774,303.31216
1775,573.1881
1776,1293.476
1777,223.88196
1778,3138.2852
1779,907.28925
1780,630.2962
1781,2294.9326
1782,1083.7979
1783,1178.9963
1784,198.79404
1785,210.73996
1786,140.07301
1787,53.291306
1788,1282.4996
1789,506.80466
1790,2369.8083
1791,1106.6599
1792,97.143715
1793,574.9642
1794,111.049934
1795,200.4469
1796,45.60463
1797,954.0654
1798,1039.9171
1799,1051.7334
1800,1132.5906
1801,1347.402
1802,1919.0891
1803,0.0
1804,906.03235
1805,1032.0712
1806,216.78905
1807,755.5267
1808,222.31917
1809,844.387
1810,1782.0305
1811,1832.6177
1812,80.58321
1813,1264.5181
1814,419.94943
1815,318.59726
1816,99.20176
1817,1047.7817
1818,604.2792
1819,86.14162
1820,811.0468
1821,1745.4448
1822,70.19617
1823,42.78812
1824,2241.381
1825,1046.7068
1826,1305.0951
1827,726.6667
1828,1123.7505
1829,420.85977
1830,773.1154
1831,635.60583
1832,30.372675
1833,842.5453
1834,385.78616
1835,2433.4663
1836,280.48178
1837,1190.3679
1838,389.23218
1839,624.11865
1840,218.27913
1841,833.8938
1842,58.418804
1843,1478.9622
1844,1297.5277
1845,1033.1613
1846,209.78001
1847,342.8714
1848,650.6542
1849,0.0
1850,12.68923
1851,1860.8274
1852,829.30585
1853,1055.918
1854,822.74335
1855,984.39056
1856,1372.1998
1857,395.21307
1858,89.15247
1859,620.74084
1860,81.20175
1861,652.09344
1862,383.21252
1863,148.97118
1864,1953.1375
1865,1617.262
1866,810.0731
1867,1157.8453
1868,1203.1478
1869,109.77504
1870,13.627002
1871,269.16003
1872,183.41878
1873,451.1015
1874,319.2008
1875,1090.26
1876,28.789974
1877,750.18097
1878,624.0226
1879,1076.2063
1880,63.8557
1881,861.3743
1882,422.5927
1883,201.00937
1884,1176.2634
1885,712.20215
1886,1636.5126
1887,131.96123
1888,2082.7493
1889,866.24646
1890,741.8896
1891,209.05544
1892,1546.311
1893,162.48514
1894,365.90646
1895,0.0
1896,398.0138
1897,225.11621
1898,923.40375
1899,669.9829
1900,135.60861
1901,372.75436
1902,188.90536
1903,290.01352
1904,1548.0576
1905,723.4621
1906,2094.3455
1907,172.93063
1908,409.8648
1909,155.15955
1910,837.73505
1911,2991.7454
1912,235.65855
1913,230.43028
1914,948.52704
1915,2068.8591
1916,27.554781
1917,1373.9987
1918,576.744
1919,2641.8347
1920,122.259575
1921,158.50618
1922,61.803505
1923,593.76697
1924,1437.0502
1925,78.90275
1926,1563.9633
1927,847.0469
1928,126.624016
1929,248.20032
1930,1687.4359
1931,944.2619
1932,505.75754
1933,1152.3441
1934,332.61877
1935,311.48535
1936,741.8191
1937,193.40921
1938,512.74396
1939,1418.16
1940,135.19398
1941,1013.49817
1942,2310.7683
1943,1243.442
1944,129.80997
1945,1015.3606
1946,364.45633
1947,217.6792
1948,39.977547
1949,1298.9995
1950,226.31456
1951,975.16254
1952,1168.7216
1953,1713.0105
1954,187.06343
1955,245.30142
1956,353.56143
1957,70.51399
1958,719.3173
1959,178.21248
1960,565.3763
1961,349.65146
1962,1938.679
1963,0.0
1964,179.93425
1965,209.64107
1966,2310.2625
1967,302.96097
1968,1051.4791
1969,308.17776
1970,1717.9459
1971,610.43945
1972,1993.4799
1973,1223.0193
1974,983.6296
1975,286.49756
1976,851.40204
1977,43.800682
1978,1293.9546
1979,1088.744
1980,1084.3652
1981,314.25327
1982,1237.11
1983,1273.8446
1984,1524.3628
1985,657.3886
1986,271.6346
1987,87.90463
1988,85.33918
1989,1193.1008
1990,685.6461
1991,770.6378
1992,1797.8981
1993,181.47293
1994,136.51083
1995,77.048454
1996,814.5171
1997,168.44118
1998,351.50647
1999,66.53934
2000,120.338104
2001,2106.0452
2002,1404.6327
2003,167.88914
2004,281.56683
2005,920.76044
2006,957.35614
2007,1095.5198
2008,1165.0398
2009,1004.20026
2010,602.84863
2011,2145.4558
2012,415.70328
2013,73.81781
2014,712.9736
2015,845.4639
2016,403.1753
2017,283.86676
2018,1142.052
2019,220.6989
2020,106.509636
2021,371.94717
2022,737.1168
2023,755.5503
2024,261.73535
2025,1510.8757
2026,423.80847
2027,392.44427
2028,810.2984
2029,218.35507
2030,696.7853
2031,206.04164
2032,88.65404
2033,460.68756
2034,216.25641
2035,1251.0378
2036,267.70337
2037,142.18185
2038,169.5121
2039,26.337166
2040,119.68939
2041,1038.8387
2042,1797.7543
2043,1274.4253
2044,587.66626
2045,291.30524
2046,880.5827
2047,336.31485
2048,713.93915
2049,123.57413
2050,1006.1341
2051,246.32207
2052,1370.8939
2053,315.03864
2054,799.65186
2055,673.6553
2056,317.94147
2057,228.32736
2058,120.58613
2059,79.838295
2060,858.34265
2061,1721.1339
2062,860.79846
2063,27.56987
2064,572.6577
2065,1027.5248
2066,1137.2325
2067,271.3484
2068,83.40448
2069,862.9204
2070,1646.2738
2071,1670.6578
2072,74.58582
2073,400.00385
2074,348.7611
2075,1608.9839
2076,208.17973
2077,349.1516
2078,1052.8004
2079,151.51413
2080,1535.8787
2081,478.77942
2082,582.4399
2083,487.8045
2084,1474.9436
2085,408.70572
2086,499.72656
2087,2341.5159
2088,0.0
2089,336.01813
2090,494.2009
2091,1415.7007
2092,312.15982
2093,16.667889
2094,185.33482
2095,174.52412
2096,189.9002
2097,712.08954
2098,291.94626
2099,45.70423
2100,513.5457
2101,247.65288
2102,362.47052
2103,161.74448
2104,188.42801
2105,360.1496
2106,167.27945
2107,1551.3285
2108,432.4523
2109,1509.6432
2110,413.54724
2111,806.97876
2112,228.47047
2113,76.972275
2114,976.99164
2115,478.88043
2116,1953.3265
2117,1117.407
2118,1844.8312
2119,893.769
2120,582.71796
2121,79.11628
2122,855.29724
2123,132.66287
2124,1427.2688
2125,1741.6526
2126,211.4664
2127,246.20216
2128,575.8627
2129,1107.7922
2130,880.5298
2131,605.0498
2132,847.0569
2133,1399.089
2134,2079.183
2135,0.0
2136,427.8624
2137,521.1278
2138,1164.1241
2139,833.3402
2140,1354.7645
2141,193.46431
2142,174.93018
2143,50.17
2144,1376.9591
2145,817.2527
2146,1695.284
2147,235.32787
2148,120.00537
2149,366.81223
2150,9.485016
2151,1216.1553
2152,981.8074
2153,38.47755
2154,352.98846
2155,72.20467
2156,918.77765
2157,964.5408
2158,209.91498
2159,568.14886
2160,451.92566
2161,885.2102
2162,570.0238
2163,432.37857
2164,198.78377
2165,569.69556
2166,2396.4272
2167,541.39276
2168,30.402676
2169,356.87888
2170,680.9044
2171,835.57166
2172,83.65478
2173,1011.43365
2174,398.49704
2175,1045.0139
2176,508.347
2177,432.55722
2178,96.2184
2179,445.37607
2180,448.78046
2181,338.76215
2182,421.22073
2183,129.44513
2184,0.0
2185,913.3643
2186,337.89188
2187,1771.2922
2188,182.90561
2189,88.46415
2190,1694.981
2191,859.4913
2192,715.79095
2193,186.1842
2194,1182.6777
2195,740.8516
2196,908.2665
2197,324.33484
2198,1011.25244
2199,211.79486
2200,1220.4915
2201,1150.3092
2202,363.69757
2203,960.95996
2204,302.20453
2205,1184.6564
2206,1475.2627
2207,118.650444
2208,1105.451
2209,144.0151
2210,114.44937
2211,44.653156
2212,440.4399
2213,1392.3722
2214,702.4213
2215,1342.0594
2216,284.47562
2217,1376.3616
2218,308.34253
2219,77.74676
2220,280.81622
2221,2265.3083
2222,254.57451
2223,930.30426
2224,385.74066
2225,797.1788
2226,563.2945
2227,1025.8364
2228,981.5961
2229,900.2147
2230,1104.7661
2231,1896.6752
2232,1044.8619
2233,1081.0944
2234,0.0
2235,1252.1005
2236,937.7779
2237,1070.3784
2238,1018.3304
2239,126.37846
2240,326.88403
2241,291.29013
2242,1333.1567
2243,216.66864
2244,289.82904
2245,18.890736
2246,2468.2542
2247,1564.0206
2248,1086.9998
2249,238.89442
2250,977.07623
2251,272.5203
2252,297.8762
2253,244.02748
2254,205.5573
2255,596.40594
2256,140.6335
2257,314.5809
2258,974.4812
2259,953.6142
2260,1327.5165
2261,1590.5632
2262,470.26392
2263,61.065765
2264,354.2641
2265,1440.9346
2266,239.65567
2267,1033.1576
2268,822.7575
2269,879.1046
2270,289.80444
2271,22.394657
2272,762.9991
2273,1904.9685
2274,82.16245
2275,41.453575
2276,781.6018
2277,55.835453
2278,704.31464
2279,1862.4388
2280,803.00867
2281,94.668304
2282,687.25397
2283,851.2353
2284,1510.9578
2285,500.91956
2286,387.49112
2287,483.79147
2288,990.94165
2289,180.10901
2290,212.39032
2291,307.844
2292,1038.3065
2293,579.4846
2294,256.98145
2295,1281.364
2296,399.1836
2297,293.67438
2298,89.16195
2299,1587.6792
2300,966.44104
2301,130.74486
2302,274.58957
2303,428.02914
2304,224.75948
2305,667.7249
2306,1329.8472
2307,272.30548
2308,90.54315
2309,807.9567
2310,1070.6661
2311,140.84607
2312,1149.1985
2313,162.35306
2314,174.62158
2315,1182.9808
2316,341.08203
2317,585.44904
2318,70.88286
2319,153.33012
2320,1375.5333
2321,161.95346
2322,119.99326
2323,1346.3175
2324,1585.6509
2325,560.1431
2326,144.877
2327,208.85551
2328,45.993813
2329,303.12885
2330,0.0
2331,1098.9836
2332,1547.7247
2333,462.87683
2334,416.92868
2335,1089.8197
2336,1236.232
2337,1283.5297
2338,133.32323
2339,355.92465
2340,243.98859
2341,595.64417
2342,1327.6178
2343,320.87912
2344,123.74278
2345,43.04197
2346,164.13274
2347,767.8971
2348,350.0466
2349,279.46472
2350,355.10626
2351,2685.4294
2352,975.1696
2353,969.284
2354,244.29948
2355,173.02196
2356,180.9381
2357,682.0419
2358,1646.8378
2359,2324.298
2360,367.52545
2361,367.80994
2362,361.41443
2363,315.47537
2364,66.8832
2365,1286.8728
2366,59.692986
2367,985.1915
2368,68.494255
2369,1846.8258
2370,690.79596
2371,0.0
2372,1086.115
2373,408.33734
2374,81.38404
2375,1280.7255
2376,2476.378
2377,746.1237
2378,1100.3916
2379,2540.2842
2380,1971.8818
2381,112.094086
2382,332.2894
2383,130.88655
2384,437.97797
2385,1531.8423
2386,274.0769
2387,1426.6979
2388,27.427078
2389,964.15533
2390,1070.9114
2391,264.9113
2392,1696.1681
2393,336.30524
2394,1886.8655
2395,96.28116
2396,122.02574
2397,1037.6665
2398,36.984913
2399,300.96143
2400,1819.247
2401,368.035
2402,701.4187
2403,1863.4142
2404,0.0
2405,99.145676
2406,1478.2788
2407,884.5516
2408,621.44446
2409,108.27143
2410,517.202
2411,82.48422
2412,232.5211
2413,429.25253
2414,579.23615
2415,143.63464
2416,298.07825
2417,211.99666
2418,283.93478
2419,444.02728
2420,429.06168
2421,1664.9805
2422,1086.771
2423,225.37306
2424,1706.593
2425,420.8448
2426,2151.2903
2427,195.16135
2428,183.07176
2429,765.09937
2430,247.01257
2431,1297.726
2432,347.73575
2433,57.357964
2434,1159.6797
2435,876.0866
2436,710.8074
2437,685.97424
2438,82.68332
2439,2067.9001
2440,53.76359
2441,1716.1919
2442,537.554
2443,318.01373
2444,23.701445
2445,25.686436
2446,55.86279
2447,85.33553
2448,819.7752
2449,128.00337
2450,493.68066
2451,914.91486
2452,2631.93
2453,718.0066
2454,865.8925
2455,1119.7762
2456,1031.2583
2457,217.97003
2458,1196.6688
2459,420.13248
2460,291.24634
2461,1112.1254
2462,1116.9086
2463,66.75237
2464,1896.8495
2465,163.57562
2466,1538.3208
2467,54.65032
2468,87.61405
2469,69.963196
2470,73.360664
2471,2902.7053
2472,157.57707
2473,723.2206
2474,402.04108
2475,204.5169
2476,558.7577
2477,1229.7014
2478,1786.535
2479,644.8187
2480,406.37793
2481,921.1425
2482,162.01906
2483,944.93787
2484,146.47823
2485,79.74972
2486,2014.2133
2487,12.494673
2488,1032.1456
2489,345.9593
2490,981.43304
2491,931.5519
2492,131.09456
2493,274.49863
2494,564.09515
2495,554.4975
2496,640.5831
2497,707.9508
2498,728.1454
2499,423.30045
2500,196.25336
2501,2469.994
2502,566.5508
2503,327.0761
2504,147.54764
2505,1209.2643
2506,0.0
2507,186.4481
2508,271.45782
2509,976.54315
2510,1433.1125
2511,270.93927
2512,222.90475
2513,864.5051
2514,0.0
2515,1156.9302
2516,135.50916
2517,823.1708
2518,80.03198
2519,202.18062
2520,1959.6882
2521,1352.7388
2522,1898.6062
2523,1464.8208
2524,1056.3638
2525,259.20935
2526,655.45575
2527,100.55449
2528,833.27484
2529,548.44244
2530,89.551575
2531,571.99243
2532,124.918304
2533,330.86252
2534,100.82359
2535,185.24672
2536,179.73785
2537,99.12738
2538,532.09045
2539,962.9056
2540,332.66733
2541,907.82837
2542,249.40053
2543,32.302074
2544,0.0
2545,344.19202
2546,1421.3488
2547,756.33514
2548,1381.6018
2549,1817.1089
2550,1009.82715
2551,29.353775
2552,32.525234
2553,1060.3827
2554,265.9215
2555,213.36972
2556,263.3274
2557,0.0
2558,1086.1455
2559,824.7959
2560,315.1569
2561,561.83
2562,355.43253
2563,823.33276
2564,91.66162
2565,365.9079
2566,430.59323
2567,737.9183
2568,1855.9058
2569,15.160483
2570,1072.0912
2571,218.65567
2572,50.24555
2573,550.79
2574,1284.7996
2575,262.5818
2576,664.26715
2577,697.98737
2578,796.26306
2579,0.0
2580,319.42822
2581,558.29065
2582,563.0299
2583,51.840645
2584,1009.3478
2585,326.1492
2586,876.5177
2587,231.07822
2588,1113.1965
2589,227.82382
2590,1158.6917
2591,2080.4592
2592,808.1471
2593,0.7737101
2594,1749.7288
2595,543.6953
2596,217.98135
2597,1179.6522
2598,802.2705
2599,175.19292
2600,669.60254
2601,1682.3624
2602,170.38179
2603,210.02002
2604,122.22472
2605,1208.7593
2606,232.27019
2607,482.80518
2608,713.0996
2609,284.13498
2610,1878.9084
2611,402.20886
2612,1041.9269
2613,1511.0394
2614,552.13336
2615,706.5838
2616,220.06757
2617,649.8816
2618,518.8279
2619,1451.0796
2620,791.906
2621,1359.8845
2622,79.84786
2623,1372.8752
2624,2070.036
2625,238.09727
2626,1120.6895
2627,1335.1201
